ID,Title,Severity,Category,Package,Affected_Versions,CVE_ID,CVSS_Score,Project,Is_Direct,Description,Recommendation,Status
DEP-001,Arbitrary Code Execution in protobufjs,P1-CRITICAL,CVE,protobufjs,<=7.6.4,GHSA-xq3m-2v4x-88gg,9.8,platform/orchestrator,false,"Multiple code injection vulnerabilities through bytes field defaults, prototype pollution, and unsafe option paths",Upgrade protobufjs to >=7.5.5 and @grpc/grpc-js to >=1.14.4,UNRESOLVED
DEP-002,JavaScript Injection via AST Type Confusion in Handlebars,P1-CRITICAL,CVE,handlebars,Unknown,GHSA-3mfm-83xf-c92r,Unknown,Source/Backend,false,"Type confusion in handlebars template processing allows arbitrary JavaScript injection",Upgrade handlebars to latest or remove if possible,UNRESOLVED
DEP-003,Critical CVE in Frontend (Unidentified),P1-CRITICAL,CVE,UNKNOWN,Unknown,Unknown,Unknown,Source/Frontend,false,"Audit timed out while identifying critical vulnerability in Frontend dependencies","Rerun npm audit --json on Source/Frontend with full output logging",PENDING
DEP-004,Regular Expression Denial of Service in path-to-regexp,P2-HIGH,CVE,path-to-regexp,<0.1.13,GHSA-37ch-88jc-xwx2,7.5,platform/orchestrator,false,"ReDoS vulnerability in route parameter matching allows high CPU usage via crafted requests",Upgrade path-to-regexp to >=0.1.13 via express update,UNRESOLVED
DEP-005,gRPC Server Crash via Malformed Requests,P2-HIGH,CVE,@grpc/grpc-js,>=1.14.0 <1.14.4,"GHSA-5375-pq7m-f5r2, GHSA-99f4-grh7-6pcq",7.5,platform/orchestrator,false,"Malformed or compressed gRPC messages can crash the server, enabling DoS attacks",Upgrade @grpc/grpc-js to >=1.14.4,UNRESOLVED
DEP-006,Open Redirect in React Router,P2-HIGH,CVE,@remix-run/router,6.26.0-6.22.0,CWE-601,Unknown,Source/Frontend,false,"Same-origin redirect with path starting // causes open redirect via protocol-relative URL reinterpretation",Upgrade react-router-dom to latest version,UNRESOLVED
DEP-007,Brace-Expansion DoS via Exponential Time Expansion,P2-HIGH,CVE,brace-expansion,<1.1.18,"GHSA-f886-m6hf-6m8v, GHSA-3jxr-9vmj-r5cp, GHSA-mh99-v99m-4gvg, GHSA-rgw5-rvv9-x895",7.5,Source/Frontend,false,"Multiple DoS vulnerabilities: zero-step sequence hangs, exponential-time expansion, unbounded intermediate arrays",Upgrade brace-expansion to >=1.1.18,UNRESOLVED
DEP-008,Browserslist Unbounded Memory Growth,P2-HIGH,CVE,browserslist,<=4.28.6,"GHSA-c83g-rgw3-j3cx, GHSA-b7v7-c3n2-gjhm",7.5,Source/Frontend,false,"No cache eviction on distinct query results leads to unbounded memory growth and eventual OOM during build",Upgrade browserslist to latest version,UNRESOLVED
DEP-009,ProtobufJS UTF-8 Decoding Bypass,P3-MODERATE,CVE,@protobufjs/utf8; protobufjs,"<=1.1.0; <=7.6.2",GHSA-q6x5-8v7m-xcrf,5.3,platform/orchestrator,false,"Overlong UTF-8 decoding allows bypass of string validation checks, potential data injection",Update to latest versions,UNRESOLVED
DEP-010,UUID Buffer Bounds Check Missing,P3-MODERATE,CVE,uuid,<11.1.1,GHSA-w5hq-g745-h8pq,7.5,Multiple,true,"Missing buffer bounds check in v3/v5/v6 UUID functions when buffer provided, potential out-of-bounds write",Upgrade uuid to >=11.1.1 in all projects,UNRESOLVED
DEP-011,Dockerode Inherits Transitive uuid CVE,P3-MODERATE,Supply Chain,dockerode,4.0.3 - 4.0.12,CVE-uuid,7.5,platform/orchestrator,true,"Inherits CVE from uuid dependency, requires major version upgrade to dockerode 5+",Upgrade dockerode to >=5.0.1 (requires API compatibility testing),UNRESOLVED
DEP-012,QS Multiple DoS Vulnerabilities,P3-MODERATE,CVE,qs,"2.2.5 - 6.15.3","GHSA-q8mj-m7cp-5q26, GHSA-x5fp-wj9c-mxmx, GHSA-4mjr-xmp4-gh2g",5.3,platform/orchestrator,false,"Multiple DoS: qs.stringify crashes on null/undefined entries, array-limit bypass, attacker-controlled isBuffer",Upgrade qs to latest version,UNRESOLVED
DEP-013,Body-Parser DoS via Invalid Limit Value,P3-MODERATE,CVE,body-parser,<1.20.6,GHSA-v422-hmwv-36x6,3.7,"Source/Backend, platform/orchestrator",false,"Invalid limit value silently disables size enforcement, allowing unbounded request bodies and DoS",Upgrade body-parser to >=1.20.6,UNRESOLVED
DEP-014,Babel Core Arbitrary File Read,P3-LOW,CVE,@babel/core,<=7.29.0,GHSA-4x5r-pxfx-6jf8,3.2,"Source/Backend, Source/Frontend",false,"Arbitrary file read via sourceMappingURL comment if untrusted input processed with source maps",Upgrade @babel/core to >=7.29.1,UNRESOLVED
DEP-015,React Major Version Behind,P3-OUTDATED,Outdated,react,"18.3.1; 18.2.0",N/A,N/A,Source/Frontend; portal/Frontend,true,"React 19.2.8 released 15 months ago, missing latest features and security patches",Plan and execute React 18→19 upgrade with comprehensive testing,BACKLOG
DEP-016,React-DOM Major Version Behind,P3-OUTDATED,Outdated,react-dom,"18.3.1; 18.2.0",N/A,N/A,Source/Frontend; portal/Frontend,true,"React-DOM 19.2.8 released 15 months ago, requires React upgrade",Plan and execute react-dom 18→19 upgrade with comprehensive testing,BACKLOG
DEP-017,React-Router-DOM Major Version Behind,P3-OUTDATED,Outdated,react-router-dom,"6.26.0; 6.22.0",N/A,N/A,Source/Frontend; portal/Frontend,true,"React Router 7.18.3 released, Source/Frontend 3 months behind, portal/Frontend 7 months behind",Plan and execute React Router 6→7 upgrade with route compatibility review,BACKLOG
DEP-018,High Transitive Dependency Surface Area,P4-SUPPLY_CHAIN,Supply Chain,Multiple,N/A,N/A,N/A,Source/Frontend,false,"231 transitive dependencies (77x multiplier on 3 direct) due to build toolchain complexity - high attack surface",Evaluate build tool dependencies, consider monorepo lock file strategy,MONITORING
DEP-019,Large Backend Dependency Count,P4-SUPPLY_CHAIN,Supply Chain,Multiple,N/A,N/A,N/A,Source/Backend,false,"412 transitive dependencies (12x multiplier on 13 direct) - largest absolute count across projects",Review and minimize build dependencies, implement dependency monitoring,MONITORING
DEP-020,Portal Backend Audit Incomplete,P4-PENDING,Audit Pending,Unknown,Unknown,Unknown,Unknown,portal/Backend,false,"Npm audit command timed out during execution - full vulnerability scan incomplete","Rerun audit with increased timeout or use --dry-run flag",PENDING
DEP-021,Portal Frontend Audit Incomplete,P4-PENDING,Audit Pending,Unknown,Unknown,Unknown,Unknown,portal/Frontend,false,"Npm audit command timed out during execution - full vulnerability scan incomplete","Rerun audit with increased timeout or use --dry-run flag",PENDING